,url,align,score
0,http://act.tv,L,"383,092"
1,http://www.addictinginfo.org/,L,"116,914"
2,http://www.advocate.com/,L,"7,892"
3,http://akkadiantimes.com,L,99999999
4,http://www.allthatsfab.com/,L,"284,383"
5,http://www.alternet.org/,L,"3,082"
6,http://aidc.org.za/amandla-media/,L,99999999
7,http://americablog.com/,L,"191,000"
8,https://americanbridgepac.org/,L,"239,870"
9,http://americannewsx.com/,L,"364,488"
10,http://www.au.org/,L,"196,615"
11,https://antifascistnews.net/,L,99999999
12,https://www.autostraddle.com/,L,"7,170"
13,http://backedbyfact.com/,L,99999999
14,http://www.citypaper.com/,L,"109,395"
15,http://www.ebar.com/,L,"101,629"
16,https://www.themaven.net/beingliberal,L,"2,837"
17,https://bitchmedia.org/,L,"27,941"
18,http://blackagendareport.com/,L,99999999
19,http://blacklivesmatter.com/,L,"55,399"
20,http://www.bluedotdaily.com/,L,"72,803"
21,http://bluenationreview.com/,L,"662,609"
22,http://boingboing.net/,L,"1,731"
23,http://www.breitbartunmasked.com/,L,99999999
24,http://bust.com/,L,"45,882"
25,https://canadiandimension.com/,L,99999999
26,http://www.carbonated.tv/,L,"157,309"
27,https://www.americanprogress.org/,L,"12,509"
28,http://www.prwatch.org/cmd,L,"198,303"
29,http://certifiedpolitics.com,L,99999999
30,https://www.change.org/,L,"1,374"
31,http://www.chicagoreader.com/,L,"12,054"
32,http://www.chroniclesofdemocracy.com/,L,99999999
33,https://citizencritics.org,L,99999999
34,http://www.cnn.com/,L,25
35,http://www.codepink.org/,L,"134,878"
36,http://www.commondreams.org/,L,"5,395"
37,http://content.news,L,99999999
38,http://www.cosmopolitan.com/,L,"1,109"
39,http://www.countercurrents.org/,L,99999999
40,http://www.counterpunch.org/,L,"14,011"
41,https://crimethinc.com/,L,"79,077"
42,https://crooked.com/,L,"6,091"
43,http://crooksandliars.com/,L,"3,846"
44,https://www.currentaffairs.org/,L,"9,520"
45,http://www.curvemag.com,L,"135,855"
46,http://www.daily49er.com/,L,"236,732"
47,http://www.thedailybeast.com/,L,284
48,https://www.dailydems.com/,L,99999999
49,http://www.dailydot.com/,L,"2,396"
50,http://www.dailykos.com/,L,881
51,http://www.mirror.co.uk/,L,99999999
52,http://www.dailynewsbin.com/,L,99999999
53,http://www.dailyrecord.co.uk/,L,99999999
54,http://www.dallasvoice.com/,L,"127,422"
55,https://deadspin.com/,L,232
56,http://deadstate.org/,L,"36,267"
57,http://deepleftfield.info/,L,"215,999"
58,http://deepstatenation.com,L,"362,775"
59,https://democracychronicles.org,L,99999999
60,https://democracyguardian.com,L,99999999
61,http://www.democracynow.org/,L,"6,005"
62,http://www.democraticunderground.com/,L,"4,157"
63,https://www.desmogblog.com/,L,"80,721"
64,http://dieharddemocrat.com/,L,99999999
65,https://www.dissentmagazine.org/,L,"32,285"
66,http://www.drudge.com/,L,"37,031"
67,http://earthfirstjournal.org/,L,"351,551"
68,http://economyincrisis.org/,L,99999999
69,https://egbertowillies.com/,L,"227,024"
70,https://electronicintifada.net/,L,"50,746"
71,http://elisabethparker.com/,L,99999999
72,http://elitedaily.com/,L,"1,795"
73,http://www.esquire.com/,L,"1,007"
74,http://everydayfeminism.com/,L,"16,836"
75,http://evonomics.com/,L,"167,498"
76,https://extranewsfeed.com,L,"35,720"
77,http://www.feministcurrent.com,L,"62,080"
78,http://feministing.com/,L,"73,326"
79,https://www.fifthestate.org/,L,99999999
80,http://filmingcops.com/,L,"62,645"
81,http://www.firstpost.com/,L,99999999
82,https://www.foreignpolicyjournal.com,L,"57,674"
83,http://foreignpolicynews.org,L,99999999
84,http://www.forwardprogressives.com/,L,"88,357"
85,https://www.freespeech.org/,L,"17,860"
86,http://gizmodo.com/,L,149
87,https://globalvoices.org/,L,99999999
88,http://www.globetoday.com/,L,99999999
89,https://www.good.is/,L,"17,240"
90,http://www.gopocalypse.org/,L,99999999
91,http://www.gq.com/,L,741
92,http://www.bradford-delong.com/,L,"79,677"
93,https://www.greenleft.org.au,L,99999999
94,http://www.greenvillegazette.com/,L,99999999
95,http://news.groopspeak.com/,L,"99,380"
96,http://guardianlv.com/,L,"44,599"
97,https://theguardiansofdemocracy.com/,L,"136,649"
98,http://happy-foxie.com/,L,99999999
99,http://www.huffingtonpost.com/,L,79
100,http://www.impeachdjtnow.com/,L,99999999
101,https://www.marxist.com/,L,"122,555"
102,http://ir.net/,L,"36,381"
103,https://www.inequalitymedia.org/,L,"189,167"
104,https://www.juancole.com,L,"39,360"
105,http://www.ips-dc.org,L,"141,181"
106,http://www.internationalviewpoint.org/,L,99999999
107,http://inthesetimes.com/,L,"22,684"
108,http://www.intrepidreport.com/,L,99999999
109,https://iowastartingline.com,L,"38,238"
110,https://www.jacobinmag.com/,L,"7,673"
111,http://jezebel.com/,L,677
112,https://latest.com,L,"81,358"
113,http://www.lavendermagazine.com/,L,"299,243"
114,http://leftaction.com/,L,"512,297"
115,https://leftfootforward.org/,L,99999999
116,http://leftoverrights.com/,L,"476,521"
117,https://www.leftscoop.com/,L,99999999
118,http://www.leftsideofhistory.com/,L,99999999
119,http://www.leftvoice.org,L,"99,365"
120,http://leftwingnation.org/,L,99999999
121,http://www.lgbtqnation.com/,L,"12,158"
122,http://libcom.org,L,"26,644"
123,http://www.liberalamerica.org/,L,-
124,https://www.liberalexaminer.com/,L,99999999
125,http://samuel-warde.com/,L,"50,785"
126,https://www.liberationnews.org/,L,"144,414"
127,http://littlegreenfootballs.com/,L,"55,600"
128,http://loveknowledge.org/,L,"322,161"
129,http://mashable.com/,L,536
130,http://meanlefthook.com/,L,99999999
131,http://www.mediaite.com/,L,"1,789"
132,http://mediamatters.org/,L,"5,805"
133,https://meduza.io/en,L,99999999
134,https://www.merryjane.com/,L,"22,079"
135,http://www.miaminewtimes.com/,L,"4,875"
136,https://www.middleeastmonitor.com/,L,"65,081"
137,http://modernliberals.com/,L,"721,809"
138,http://www.molad.org/en/,L,99999999
139,http://mondoweiss.net/,L,"29,205"
140,http://www.motherjones.com/,L,"1,514"
141,http://front.moveon.org/,L,"2,737"
142,http://www.msmagazine.com/,L,"50,159"
143,http://www.msnbc.com/,L,702
144,http://nap-sack.org/,L,99999999
145,http://www.nationofchange.org/,L,"106,025"
146,https://newint.org/,L,"97,663"
147,http://newpol.org/,L,"237,442"
148,https://newrepublic.com/,L,"3,969"
149,http://www.newstatesman.com/,L,99999999
150,http://nymag.com/,L,597
151,http://www.newyorker.com/,L,432
152,http://newscorpse.com/,L,"249,389"
153,http://www.newshounds.us/,L,"102,155"
154,http://www.newslogue.com/,L,99999999
155,https://www.nova-magazine.net,L,"96,174"
156,https://nowtoronto.com/,L,99999999
157,https://nowthisnews.com/,L,"36,197"
158,https://www.opednews.com/,L,"44,787"
159,https://ourvoiceny.com,L,"202,567"
160,https://www.pastemagazine.com/,L,"1,692"
161,http://www.peacock-panache.com,L,"514,596"
162,http://www.pfaw.org,L,"49,001"
163,http://people.com/politics/,L,318
164,https://photographyisnotacrime.com/,L,"145,292"
165,http://politicaldig.com/,L,"25,124"
166,http://politicalupdater.com/,L,99999999
167,https://popularresistance.org/,L,"76,120"
168,https://www.pressprogress.ca/,L,99999999
169,http://progressivearmy.com,L,"221,767"
170,http://projectcensored.org/,L,"130,487"
171,http://proudemocrat.com/,L,"338,409"
172,https://www.queerty.com,L,"4,224"
173,http://rabble.ca/,L,99999999
174,https://rantt.com,L,"215,124"
175,http://www.rappler.com/,L,99999999
176,http://www.rawprogressive.com/,L,99999999
177,http://www.rawstory.com/,L,"1,084"
178,http://www.readingthepictures.org,L,"241,371"
179,http://readersupportednews.org,L,"39,228"
180,http://www.redpepper.org.uk/,L,99999999
181,https://redyouth.org/,L,99999999
182,http://republicanssucks.org,L,99999999
183,https://rewire.news/,L,"23,515"
184,http://revcom.us/,L,"164,021"
185,http://reverbpress.com/,L,"356,453"
186,http://reverepress.com,L,"435,554"
187,http://revolution-news.com/,L,99999999
188,http://www.rightwingwatch.org/,L,"16,593"
189,https://trofire.com/,L,"57,965"
190,http://www.salon.com/,L,"1,222"
191,http://www.scarymommy.com/,L,"6,203"
192,https://shadowproof.com,L,"93,094"
193,http://shareblue.com/,L,"8,496"
194,http://www.slate.com/,L,366
195,http://www.smirkingchimp.com/,L,"223,165"
196,http://www.worldsocialism.org/spgb/,L,"174,964"
197,https://socialistworker.org/,L,"52,419"
198,http://www.sourcewatch.org/index.php/SourceWatch,L,"37,774"
199,http://www.cnntimes.online/,L,99999999
200,https://splinternews.com,L,"1,181"
201,https://www.stpete4peace.org/,L,99999999
202,http://talkingpointsmemo.com/,L,"1,499"
203,http://www.takepart.com/,L,"29,587"
204,http://www.telesurtv.net/english/,L,99999999
205,http://americanindependent.com/,L,99999999
206,http://prospect.org/,L,"21,026"
207,http://www.blue-route.org/blog/,L,99999999
208,http://www.theburningspear.com/,L,99999999
209,http://www.thecanary.co/,L,99999999
210,https://www.climaterealityproject.org/,L,"47,480"
211,http://thedailybanter.com/,L,"39,437"
212,https://www.thedailyvox.co.za/,L,99999999
213,http://www.democratichub.com/,L,99999999
214,https://theestablishment.co,L,"34,438"
215,https://thefloridasqueeze.com/,L,99999999
216,http://www.thefrisky.com/,L,"26,145"
217,http://thegrio.com/,L,"10,939"
218,https://theintellectualist.co/,L,99999999
219,https://www.thelondoneconomic.com,L,99999999
220,https://www.themarysue.com,L,"7,421"
221,http://www.themilitant.com/,L,"446,138"
222,http://www.morningstaronline.co.uk/,L,99999999
223,https://www.thenation.com/,L,"3,728"
224,http://www.nationalmemo.com/,L,"43,264"
225,http://www.thenewcivilrightsmovement.com/,L,"58,885"
226,http://other98.com/,L,"368,382"
227,https://theoutline.com/,L,"3,436"
228,http://www.progressive.org/,L,"82,957"
229,http://www.samefacts.com/,L,"482,159"
230,http://www.theroot.com/,L,871
231,http://thelasource.com/en/,L,99999999
232,https://thesternfacts.com/,L,"349,559"
233,http://www.villagevoice.com/,L,"7,984"
234,https://thewalrus.ca/,L,99999999
235,https://worldcantwait.net/,L,99999999
236,http://theoswatch.com,L,99999999
237,http://thinkprogress.org/,L,"1,161"
238,https://this.org/,L,99999999
239,http://www.towleroad.com/,L,"3,272"
240,http://www.tribunemagazine.org/,L,99999999
241,https://truthagainstthemachine.com,L,99999999
242,http://www.truthdig.com/,L,"15,045"
243,http://www.truth-out.org/,L,"15,114"
244,http://uproxx.com/,L,"1,194"
245,https://www.upworthy.com/,L,"3,701"
246,http://theuspoliticalpost.com/,L,99999999
247,http://usuncut.com/,L,99999999
248,http://www.vanityfair.com/,L,824
249,http://verifiedpolitics.com,L,99999999
250,https://verrit.com,L,"694,435"
251,http://www.vermontindependent.org/,L,99999999
252,http://viraltitle.com,L,99999999
253,http://vote.us.org/,L,99999999
254,http://www.vox.com/,L,329
255,http://washingtonjournal.com/,L,99999999
256,http://washingtonmonthly.com/,L,"10,940"
257,http://washingtonpress.com,L,"5,509"
258,https://wearyourvoicemag.com,L,"60,701"
259,http://whatmattersnews.com/,L,"187,628"
260,https://whowhatwhy.org/,L,"56,404"
261,http://wonkette.com/,L,"8,876"
262,http://www.workers.org/,L,"141,441"
263,http://www.yesmagazine.org/,L,"28,606"
264,https://tytnetwork.com/,L,"10,748"
265,https://zcomm.org/zmag/,L,99999999
266,http://abc11.com/,LC,"10,568"
267,http://abcnews.go.com/,LC,106
268,http://abovethelaw.com/,LC,"3,561"
269,https://aeon.co/,LC,"5,593"
270,http://affinitymagazine.us/,LC,"55,807"
271,http://africanarguments.org/,LC,99999999
272,http://www.aljazeera.com/,LC,"1,968"
273,https://www.almasdarnews.com,LC,99999999
274,http://www.al-monitor.com/pulse/home.html,LC,"21,284"
275,https://www.guttmacher.org/,LC,"20,335"
276,http://www.adn.com/,LC,"6,221"
277,http://www.timesunion.com/,LC,"6,178"
278,https://alliedprogress.org,LC,"259,314"
279,http://www.ohio.com/,LC,"11,110"
280,http://www.amny.com/,LC,"12,887"
281,http://www.americamagazine.org/,LC,"5,124"
282,https://www.aclu.org/,LC,"4,312"
283,http://ahtribune.com/,LC,"124,259"
284,http://www.adl.org/,LC,"18,761"
285,https://www.apmreports.org/,LC,"78,987"
286,http://aranews.net/,LC,-
287,http://tucson.com/,LC,"8,064"
288,http://azdailysun.com,LC,"29,208"
289,http://www.citizen-times.com/,LC,"28,358"
290,http://atlantablackstar.com/,LC,"13,151"
291,http://www.ajc.com/,LC,"1,614"
292,https://www.theatlantic.com/,LC,264
293,http://www.atlanticmedia.com/,LC,"16,078"
294,http://www.attn.com/,LC,"25,121"
295,http://www.statesman.com/,LC,"2,482"
296,https://www.axios.com/,LC,988
297,https://backchannel.com/,LC,99999999
298,http://www.baltimoresun.com/,LC,"1,952"
299,http://www.bbc.com/news,LC,77
300,http://www.bjreview.com/,LC,99999999
301,http://www.berkshireeagle.com/,LC,"38,573"
302,http://billmoyers.com/,LC,"27,289"
303,http://www.birminghammail.co.uk,LC,99999999
304,http://us.blastingnews.com/,LC,924
305,https://www.bloomberg.com/,LC,153
306,http://www.bluestemprairie.com/,LC,"597,483"
307,https://www.bostonglobe.com/,LC,"1,005"
308,http://bgr.com/,LC,"1,527"
309,https://www.brookings.edu/,LC,"3,600"
310,http://www.buffalonews.com/,LC,"4,770"
311,http://www.businessinsider.com/,LC,119
312,https://www.bustle.com/,LC,577
313,https://www.buzzfeed.com/news,LC,72
314,http://calgaryherald.com/,LC,99999999
315,https://calwatchdog.com,LC,"481,299"
316,http://www.canadalandshow.com,LC,99999999
317,http://carolinapublicpress.org/,LC,"552,186"
318,https://www.caribbeanlifenews.com/,LC,"372,026"
319,http://www.cbc.ca/news,LC,99999999
320,http://www.cbsnews.com/,LC,180
321,http://www.cctv-america.com/,LC,"192,540"
322,https://www.ciponline.org/,LC,"207,310"
323,http://populardemocracy.org/,LC,"179,159"
324,http://www.cbpp.org/,LC,"20,127"
325,http://www.wvgazettemail.com/,LC,"20,585"
326,http://www.charlotteobserver.com/,LC,"3,209"
327,http://chicagoreporter.com/,LC,"178,849"
328,http://chicago.suntimes.com/,LC,"2,231"
329,http://www.chicagotribune.com/,LC,426
330,http://www.legitgov.org/,LC,"641,423"
331,https://www.citizensforethics.org,LC,"52,289"
332,https://cleantechnica.com/,LC,"8,090"
333,http://www.cnbc.com/,LC,150
334,http://www.cjr.org/,LC,"12,121"
335,https://investigaterussia.org,LC,"90,557"
336,http://www.commoncause.org,LC,"62,470"
337,https://www.commonwealmagazine.org,LC,"68,040"
338,http://www.commonwealthfund.org/,LC,"27,322"
339,https://corporatepresidency.org,LC,99999999
340,http://www.councilforthenationalinterest.org/,LC,"845,466"
341,http://credoaction.com/,LC,"4,979"
342,http://crosscut.com/,LC,"34,684"
343,http://www.ctvnews.ca/,LC,99999999
344,http://dailyhive.com/,LC,99999999
345,http://www.darientimes.com/,LC,"190,035"
346,https://www.dawn.com/,LC,99999999
347,https://www.dcreport.org/,LC,"199,911"
348,http://deadline.com/,LC,691
349,http://www.deccanherald.com/,LC,99999999
350,http://www.delawareonline.com/,LC,"12,200"
351,http://www.democracy21.org/,LC,99999999
352,http://www.democratandchronicle.com/,LC,"11,008"
353,http://www.demos.org,LC,"67,458"
354,http://www.denverpost.com/,LC,"1,869"
355,http://www.freep.com/,LC,"2,283"
356,http://www.zeit.de/english/index,LC,99999999
357,http://digg.com/,LC,829
358,http://www.diversityinc.com,LC,"7,303"
359,http://www.dutchdailynews.com/,LC,99999999
360,https://dutchreview.com/,LC,99999999
361,http://www.dw.com/en/top-stories/s-9097,LC,99999999
362,http://www.eastbaytimes.com/,LC,"7,852"
363,http://www.epi.org/,LC,"15,157"
364,https://www.economicshelp.org,LC,"16,519"
365,http://edmontonjournal.com/,LC,99999999
366,https://www.eff.org/,LC,"4,411"
367,http://elpais.com/elpais/inenglish.html,LC,99999999
368,http://www.elpasotimes.com/,LC,"53,798"
369,http://www.emirates247.com/,LC,99999999
370,https://www.emptywheel.net/,LC,"30,250"
371,https://www.engadget.com/,LC,352
372,http://www.euractiv.com/,LC,"61,844"
373,https://euobserver.com/,LC,"92,105"
374,https://www.exposingtruth.com/,LC,99999999
375,http://factbox.tv/,LC,99999999
376,http://factmyth.com/,LC,"57,474"
377,http://fair.org/,LC,"40,451"
378,http://www.fairvote.org/,LC,"49,177"
379,https://www.fastcompany.com/,LC,"1,119"
380,https://feministfrequency.com/,LC,"136,487"
381,https://www.fightforthefuture.org,LC,"146,138"
382,https://fivethirtyeight.com/,LC,326
383,http://fpif.org/,LC,"134,765"
384,https://www.fwweekly.com/,LC,"144,777"
385,http://www.france24.com/en/,LC,99999999
386,http://freakonomics.com/,LC,"12,905"
387,http://www.freepress.net/,LC,"36,445"
388,http://www.fresnobee.com/,LC,"8,989"
389,http://fusion.net/,LC,"596,380"
390,http://fusion.kinja.com/,LC,507
391,https://www.gaystarnews.com/,LC,99999999
392,http://geopoliticsalert.com,LC,"735,404"
393,http://www.greensboro.com/,LC,"18,802"
394,https://www.greentechmedia.com/,LC,"12,422"
395,http://www.glamour.com/,LC,"2,733"
396,http://globalnews.ca/,LC,99999999
397,http://www.pri.org/programs/globalpost,LC,"8,634"
398,http://globalriskinsights.com,LC,"161,180"
399,http://www.globaltimes.cn/,LC,99999999
400,http://www.governing.com/,LC,"9,003"
401,http://grist.org/,LC,"14,147"
402,http://www.haaretz.com/,LC,"3,905"
403,http://harpers.org/,LC,"21,103"
404,http://www.courant.com/,LC,"5,459"
405,http://heavy.com/,LC,362
406,http://www.helsinkitimes.fi/,LC,99999999
407,http://highline.huffingtonpost.com,LC,79
408,http://www.hindustantimes.com/,LC,99999999
409,http://historynewsnetwork.org/,LC,"30,735"
410,http://www.hollywoodreporter.com/,LC,516
411,http://www.staradvertiser.com/,LC,"6,237"
412,http://www.chron.com/,LC,354
413,https://www.hrw.org/,LC,"8,868"
414,http://www.hurriyetdailynews.com/,LC,"29,308"
415,http://www.icenews.is/,LC,99999999
416,http://ifamericaknew.org/,LC,"276,099"
417,http://www.indystar.com/,LC,"6,119"
418,https://inews.co.uk/,LC,99999999
419,http://www.inquisitr.com/news/,LC,"2,391"
420,https://insideclimatenews.org/,LC,"36,420"
421,https://www.insidehighered.com/,LC,"4,273"
422,https://www.insidephilanthropy.com,LC,"31,523"
423,https://itep.org/,LC,"72,938"
424,http://www.icrw.org/,LC,99999999
425,https://www.crisisgroup.org/,LC,"67,795"
426,http://ipolitics.ca/,LC,99999999
427,http://www.irinnews.org/,LC,"99,847"
428,http://jointcenter.org/,LC,99999999
429,http://www.helvidius.org/,LC,99999999
430,http://www.kansascity.com/,LC,"2,064"
431,http://www.knightfoundation.org/,LC,"64,727"
432,http://www.kmov.com/,LC,"8,398"
433,http://www.koco.com/,LC,"17,423"
434,http://kuow.org/,LC,"21,017"
435,http://www.kurdistan24.net,LC,99999999
436,http://www.lapresse.ca/,LC,99999999
437,http://www.latimes.com/,LC,221
438,http://www.latintimes.com/,LC,"66,098"
439,https://www.lawfareblog.com/,LC,"9,607"
440,http://lawnewz.com/,LC,99999999
441,http://www.leftjustified.com/,LC,99999999
442,http://lethbridgeherald.com/,LC,99999999
443,http://www.kentucky.com/,LC,"5,776"
444,http://www.liberalmountain.com/,LC,"145,558"
445,https://lifehacker.com/,LC,206
446,https://www.liveleak.com/,LC,555
447,http://www.macleans.ca/,LC,99999999
448,http://mainebeacon.com/,LC,"261,669"
449,http://www.mediafiledc.com,LC,"419,656"
450,http://www.metro.us/,LC,"10,941"
451,http://metro.co.uk/,LC,99999999
452,http://mexiconewsdaily.com/,LC,"44,377"
453,https://mic.com/,LC,"3,652"
454,http://www.jsonline.com/,LC,"4,356"
455,http://www.startribune.com/,LC,"1,409"
456,https://www.mprnews.org/,LC,"7,700"
457,http://www.mintpressnews.com/,LC,"32,513"
458,https://news.mongabay.com,LC,"13,913"
459,http://monthlyreview.org/,LC,"54,090"
460,http://montrealgazette.com/,LC,99999999
461,https://morningconsult.com/,LC,"35,272"
462,https://www.mtdemocrat.com,LC,"60,581"
463,http://www.msn.com/,LC,50
464,http://www.muncievoice.com/,LC,99999999
465,http://mwcnews.net/,LC,99999999
466,http://www.naacp.org/,LC,"35,921"
467,https://transequality.org,LC,99999999
468,http://natmonitor.com/,LC,"481,000"
469,http://www.nationalnewswatch.com/,LC,99999999
470,http://www.youthrights.org/,LC,"258,824"
471,https://www.nrdc.org/,LC,"10,729"
472,http://www.resourcegovernance.org/,LC,"329,897"
473,http://www.nbcnews.com/,LC,213
474,http://www.ncpolicywatch.com/,LC,"289,714"
475,https://www.ndtv.com/,LC,99999999
476,http://theneed2know.com/,LC,"120,000"
477,http://www.necn.com/,LC,"12,915"
478,http://www.news.com.au/,LC,99999999
479,http://www.newsday.com/,LC,"2,417"
480,https://newsone.com/,LC,"22,462"
481,http://www.newsweek.com/,LC,382
482,http://www.newsy.com/,LC,"40,445"
483,https://www.neweurope.eu/,LC,"313,759"
484,https://newmatilda.com/,LC,99999999
485,https://newmoderate.com/,LC,99999999
486,http://www.nydailynews.com/,LC,363
487,https://www.newsandgutsmedia.com/,LC,99999999
488,http://www.npr.org/sections/news/,LC,131
489,http://www.ocweekly.com/,LC,"19,218"
490,http://www.oilandwaterdontmix.org/,LC,99999999
491,https://www.opendemocracy.net/,LC,99999999
492,https://www.oneindia.com/,LC,99999999
493,http://www.outsidethebeltway.com/,LC,"51,973"
494,http://www.ozy.com/,LC,"14,934"
495,https://psmag.com/,LC,"9,050"
496,https://panampost.com/,LC,"37,217"
497,http://www.pbs.org/newshour/,LC,446
498,http://www.philly.com/inquirer/,LC,"1,452"
499,https://www.inquirer.net/,LC,99999999
500,http://www.phoenixnewtimes.com/,LC,"9,465"
501,http://www.post-gazette.com/,LC,"3,544"
502,http://politicalcritique.org/,LC,99999999
503,http://www.politico.com/,LC,236
504,http://politicsthatwork.com/,LC,"642,867"
505,http://www.populationconnection.org,LC,"621,099"
506,http://www.pressherald.com/,LC,"5,012"
507,https://mediabiasfactcheck.com/wp-content/uploads/2016/09/leftcenter11.png,LC,"8,759"
508,https://www.positive.news,LC,"116,482"
509,http://www.presstv.com/,LC,99999999
510,https://www.propublica.org/,LC,"4,140"
511,http://www.prospectmagazine.co.uk/,LC,99999999
512,http://www.providencejournal.com/,LC,"11,146"
513,https://www.citizen.org/,LC,"42,366"
514,http://www.pri.org/,LC,"8,634"
515,http://qz.com/,LC,884
516,http://www.rfa.org/english/,LC,99999999
517,http://www.newsobserver.com/,LC,"4,139"
518,http://therealnews.com/t2/,LC,"32,708"
519,http://religionnews.com,LC,"26,153"
520,http://www.republicworld.com/,LC,99999999
521,https://www.revealnews.org/,LC,"37,417"
522,http://rightweb.irc-online.org,LC,99999999
523,http://www.roanoke.com/,LC,"10,059"
524,http://www.rollingstone.com/,LC,623
525,http://rooseveltinstitute.org/,LC,"65,783"
526,http://rudaw.net/english,LC,99999999
527,http://www.sacbee.com/,LC,"1,861"
528,http://www.sltrib.com/,LC,"2,969"
529,http://www.mysanantonio.com/,LC,"4,000"
530,https://sandiegofreepress.org/,LC,"109,230"
531,http://www.sfchronicle.com/,LC,"2,341"
532,http://www.mercurynews.com/,LC,985
533,http://www.independent.com/,LC,"19,345"
534,http://www.santafenewmexican.com,LC,"28,562"
535,http://saudigazette.com.sa,LC,99999999
536,https://www.scoopwhoop.com,LC,99999999
537,https://scroll.in/,LC,99999999
538,http://www.seattlepi.com/,LC,"4,101"
539,http://secondnexus.com/,LC,"9,290"
540,http://www.sfgate.com/,LC,285
541,http://shameproject.com/,LC,"684,865"
542,http://news.sky.com/,LC,99999999
543,https://sojo.net/,LC,"35,249"
544,https://www.sootoday.com/,LC,99999999
545,https://www.splcenter.org/,LC,"4,340"
546,http://www.sbs.com.au/,LC,99999999
547,http://www.spiegel.de/international/,LC,99999999
548,http://www.nj.com/starledger/,LC,849
549,http://www.silive.com/,LC,"11,001"
550,https://stepfeed.com,LC,99999999
551,http://www.stltoday.com/,LC,"1,773"
552,http://stocksnewsdaily.com/,LC,99999999
553,http://www.stopfake.org/,LC,99999999
554,http://www.twincities.com/,LC,"4,198"
555,https://www.stuff.co.nz/,LC,99999999
556,http://www.syriahr.com/en/,LC,99999999
557,http://www.tabletmag.com/,LC,"11,330"
558,https://www.taxjustice.net/,LC,"558,866"
559,http://www.taxpolicycenter.org,LC,"20,730"
560,https://techcrunch.com,LC,320
561,https://www.texasmonthly.com,LC,"9,428"
562,http://thesunmagazine.org/,LC,"83,803"
563,http://www.tampabay.com/,LC,"2,547"
564,http://www.theage.com.au/,LC,99999999
565,https://www.theautomaticearth.com/,LC,"171,975"
566,https://thebaffler.com/,LC,"12,017"
567,https://budapestbeacon.com/,LC,99999999
568,https://tcf.org/,LC,"74,440"
569,http://www.thechristianleft.org/,LC,99999999
570,https://canadians.org/,LC,99999999
571,http://www.courier-journal.com/,LC,"12,935"
572,http://www.dailyclimate.org/,LC,"560,105"
573,http://www.dailytarheel.com/,LC,"35,975"
574,http://economictimes.indiatimes.com/,LC,99999999
575,http://thefifthcolumnnews.com/,LC,"288,372"
576,http://forward.com/,LC,"6,734"
577,http://www.theglobeandmail.com/,LC,99999999
578,https://www.theguardian.com/us,LC,105
579,http://www.heraldnet.com/,LC,"20,342"
580,http://thehill.com/,LC,176
581,http://newsite.thehindu.com/,LC,99999999
582,http://www.independent.co.uk/us,LC,99999999
583,https://theintercept.com/,LC,"2,292"
584,http://www.interpretermag.com/,LC,"644,565"
585,http://www.irishtimes.com/,LC,99999999
586,http://www.irrawaddy.com/,LC,99999999
587,http://www.jpost.com/Jerusalem-Report,LC,"3,228"
588,http://www.lohud.com/,LC,"15,646"
589,https://www.themonthly.com.au/,LC,99999999
590,http://www.nationinstitute.org/,LC,"289,263"
591,https://www.alaraby.co.uk/english,LC,99999999
592,http://www.thenewstribune.com/,LC,"10,324"
593,https://thenewtropic.com,LC,"147,881"
594,https://www.theguardian.com/observer,LC,105
595,http://www.theolympian.com,LC,"29,632"
596,http://www.theoslotimes.com/,LC,99999999
597,http://www.pennlive.com/,LC,"3,675"
598,http://www.cleveland.com/plaindealer/,LC,"1,647"
599,http://pulsegulfcoast.com/,LC,"424,961"
600,http://www.theoslotimes.com/,LC,99999999
601,http://www.northjersey.com/,LC,"10,567"
602,https://www.thesaturdaypaper.com.au/,LC,99999999
603,http://www.thestate.com/,LC,"6,832"
604,http://www.thestranger.com/,LC,"3,453"
605,http://thesunmagazine.org/,LC,"83,803"
606,http://www.smh.com.au/,LC,99999999
607,https://thetab.com/,LC,99999999
608,https://www.thetrace.org,LC,"19,880"
609,https://thetyee.ca/,LC,99999999
610,https://thevarsity.ca/,LC,99999999
611,http://www.theverge.com/,LC,162
612,http://pilotonline.com/,LC,"9,173"
613,http://theweek.com/,LC,"1,392"
614,http://wilderness.org/,LC,"63,535"
615,https://thewire.in/,LC,99999999
616,http://www.thisisthezerohour.com/,LC,99999999
617,http://news.trust.org/,LC,"54,988"
618,http://time.com/,LC,249
619,http://www.timescolonist.com/,LC,99999999
620,http://www.timesheadline.com,LC,99999999
621,http://www.timesofisrael.com/,LC,"3,422"
622,http://www.nola.com/#/0,LC,"2,178"
623,https://timeline.com,LC,"31,242"
624,http://www.tomdispatch.com/,LC,"95,430"
625,https://toinformistoinfluence.com/,LC,99999999
626,https://www.thestar.com/,LC,99999999
627,https://uawire.org/,LC,"381,363"
628,http://www.unicornriot.ninja/,LC,"109,499"
629,http://www.uft.org/,LC,"31,599"
630,https://www.universitybusiness.com/,LC,"57,783"
631,http://www.urban.org/,LC,"12,795"
632,http://www.usnews.com/,LC,184
633,http://upr.org,LC,"92,328"
634,http://vancouversun.com/,LC,99999999
635,https://www.vice.com/,LC,90
636,http://www.votevets.org/,LC,"115,280"
637,http://www.vulture.com,LC,575
638,http://wallstreetonparade.com/,LC,"247,227"
639,http://www.washingtonblade.com/,LC,"51,832"
640,https://www.washingtonpost.com/,LC,52
641,http://wgntv.com/,LC,"3,895"
642,http://windsorstar.com/,LC,99999999
643,https://wingsoverscotland.com,LC,99999999
644,https://www.wired.com/,LC,459
645,http://www.wnyc.org/,LC,"6,498"
646,http://www.worldaffairsjournal.org/,LC,"117,289"
647,http://www.worldpolicy.org/,LC,"182,528"
648,https://www.yahoo.com/news/?ref=gs,LC,7
649,http://www.ynetnews.com/,LC,"6,045"
650,http://www.ydr.com/,LC,"36,488"
651,https://youthradio.org/,LC,"178,371"
652,http://www.680news.com/,C,99999999
653,http://www.abc.net.au/news/,C,99999999
654,http://news.abs-cbn.com/,C,99999999
655,http://www.africanews.com/,C,99999999
656,https://www.agerpres.ro/english,C,99999999
657,http://english.ahram.org.eg/,C,99999999
658,https://airwars.org/,C,"325,327"
659,https://english.alarabiya.net/,C,99999999
660,http://www.albawaba.com/,C,99999999
661,http://eng.majalla.com/,C,99999999
662,http://www.alreporter.com,C,"121,877"
663,https://altoday.com/,C,"272,295"
664,https://www.abqjournal.com/,C,"13,646"
665,http://www.allgov.com,C,"101,747"
666,http://securingdemocracy.gmfus.org/,C,"80,821"
667,http://www.americanheritage.com,C,"57,508"
668,https://www.amnesty.org/en/,C,"21,291"
669,http://www.anthropocenemagazine.org/,C,"264,950"
670,http://www.atimes.com/,C,"24,775"
671,http://english.aawsat.com/,C,99999999
672,https://apnews.com/,C,885
673,http://www.atlanticcouncil.org/,C,"27,759"
674,http://www.afr.com/,C,99999999
675,https://ballotpedia.org/Main_Page,C,"1,063"
676,http://www.bangkokpost.com/,C,99999999
677,http://en.bbarta24.net/,C,99999999
678,http://www.belfercenter.org/,C,"51,689"
679,https://www.bellingcat.com/,C,"80,381"
680,http://www.bettergov.org/,C,"76,862"
681,http://bdnews24.com/,C,99999999
682,http://bigthink.com/,C,"4,195"
683,http://bnonews.com/,C,"58,740"
684,http://www.bridgemi.com,C,"59,897"
685,http://www.brief.news/,C,99999999
686,http://thebulletin.org/,C,"40,754"
687,http://www.bullshido.net/,C,"112,450"
688,http://www.business2community.com/,C,"8,911"
689,http://www.cpac.ca/,C,99999999
690,https://capitolfax.com,C,"21,147"
691,http://carnegieendowment.org/,C,"35,074"
692,http://www.castanet.net/,C,99999999
693,http://c4ads.org/,C,99999999
694,https://cdt.org,C,"93,716"
695,http://www.cgdev.org/,C,"58,686"
696,http://www.centerforinquiry.net/,C,"154,133"
697,http://www.cnas.org/,C,"71,042"
698,https://www.publicintegrity.org/,C,"43,386"
699,http://www.opensecrets.org/,C,"5,543"
700,https://www.csis.org/,C,"24,756"
701,http://www.chinadaily.com.cn/,C,99999999
702,https://news.cgtn.com,C,99999999
703,http://www.csmonitor.com/,C,"5,250"
704,http://cityandstateny.com/,C,"48,368"
705,https://www.ced.org/,C,"572,724"
706,http://crfb.org/,C,"64,477"
707,https://www.cpj.org/,C,"81,563"
708,http://www.conflict-news.com/,C,99999999
709,https://www.congress.gov/,C,"2,161"
710,https://www.cbo.gov/,C,"26,050"
711,http://www.anthropocenemagazine.org/,C,"264,950"
712,https://consortiumnews.com/,C,"38,856"
713,http://www.constitutionproject.org/,C,"632,189"
714,https://consumerist.com/,C,"9,845"
715,https://www.consumerreports.org,C,823
716,http://cookpolitical.com/,C,"12,525"
717,http://blog.countable.us/,C,"38,281"
718,https://www.courthousenews.com,C,"28,671"
719,https://www.cp24.com/,C,99999999
720,https://crimeola.com,C,"79,084"
721,http://www.c-span.org/,C,"5,051"
722,http://www.dailybusinessreview.com/,C,99999999
723,http://www.daily-journal.com,C,"55,274"
724,http://www.dailyrecord.com/,C,"44,577"
725,http://www.defenseone.com/,C,"11,522"
726,http://www.digitaljournal.com,C,"15,059"
727,http://www.doctorswithoutborders.org,C,"33,913"
728,http://www.dpa-international.com/,C,99999999
729,http://www.eagletribune.com/,C,"28,760"
730,http://earth.columbia.edu/sections/view/9,C,554
731,http://www.ejinsight.com/,C,99999999
732,http://news.err.ee,C,99999999
733,http://www.eurasiagroup.net/,C,"110,102"
734,http://www.eurasiareview.com,C,"144,345"
735,http://www.euronews.com/,C,99999999
736,https://www.everycrsreport.com/,C,"62,901"
737,http://www.factcheck.org/,C,"6,943"
738,http://factscan.ca/,C,99999999
739,https://www.factwire.org/english,C,99999999
740,https://www.fairobserver.com,C,"114,382"
741,http://www.federaltimes.com/,C,"48,205"
742,http://www.financialexpress.com/,C,99999999
743,https://www.ft.com/,C,99999999
744,https://firstdraftnews.org/,C,"184,818"
745,https://www.foreignaffairs.com/,C,"10,474"
746,http://foreignpolicy.com/,C,"4,727"
747,https://ffrf.org/,C,"60,568"
748,https://freewheelus.com,C,"545,328"
749,https://fullfact.org/,C,99999999
750,http://www.gallup.com/home.aspx,C,"3,140"
751,http://gearsofbiz.com/,C,99999999
752,https://gbtimes.com,C,99999999
753,http://www.govexec.com/,C,"9,386"
754,https://www.govtrack.us/,C,"5,185"
755,http://www.globalintegrity.org/,C,99999999
756,https://www.globalslaveryindex.org,C,"158,236"
757,http://globegazette.com,C,"30,706"
758,http://www.goodnewsnetwork.org/,C,"18,056"
759,https://news.grabien.com/index.php,C,"12,934"
760,https://hbr.org,C,"1,357"
761,http://news.harvard.edu/gazette/,C,287
762,http://harvardpolitics.com/,C,"81,240"
763,http://www.healthcarefinancenews.com/,C,"52,010"
764,https://herald-review.com,C,"42,733"
765,http://www.hoax-slayer.com/,C,"179,226"
766,http://www.i24news.tv/,C,99999999
767,https://icitizen.com,C,"419,399"
768,https://ivn.us/,C,"71,578"
769,http://indiatoday.intoday.in/,C,99999999
770,https://iwpr.org,C,"84,421"
771,https://www.ire.org/,C,"136,270"
772,https://www.icij.org/,C,"61,213"
773,https://www.iea.org/,C,"47,808"
774,http://journals.cambridge.org/action/displayIssue?jid=INO&tab=currentissue,C,99999999
775,http://www.freemedia.at/,C,"695,529"
776,https://www.rescue.org/,C,"21,922"
777,http://www.investopedia.com/,C,271
778,http://www.janes.com/,C,"47,157"
779,https://www.japantimes.co.jp/,C,99999999
780,http://www.jta.org,C,"19,034"
781,http://daily.jstor.org/,C,722
782,https://www.justsecurity.org/,C,"33,296"
783,http://kff.org/,C,"9,118"
784,http://knowyourmeme.com/,C,381
785,https://leadstories.com/,C,"70,467"
786,http://www.ledevoir.com/,C,99999999
787,https://limacharlienews.com,C,"536,988"
788,http://journalstar.com/,C,"6,716"
789,http://listverse.com/,C,"3,647"
790,http://lompocrecord.com/,C,"147,532"
791,http://www.malaysia-today.net/,C,99999999
792,http://maplight.org/,C,"446,412"
793,http://www.marketwatch.com/,C,279
794,http://www.mcclatchydc.com/,C,"11,682"
795,http://mediashift.org/,C,"58,223"
796,http://www.memeorandum.com/,C,"15,780"
797,http://mentalfloss.com/,C,"1,098"
798,http://en.mercopress.com/,C,"191,482"
799,http://merionwest.com/,C,"311,155"
800,https://www.metabunk.org/,C,"38,550"
801,http://www.military.com/,C,"2,373"
802,http://www.mlive.com/,C,"1,114"
803,http://napavalleyregister.com,C,"20,609"
804,http://www.nber.org/,C,"8,885"
805,https://www.followthemoney.org/,C,"81,204"
806,https://www.nationaljournal.com/,C,"7,353"
807,http://www.nationmaster.com,C,"15,808"
808,https://www.newamerica.org/,C,"22,599"
809,http://www.newbernsj.com/,C,"92,560"
810,http://www.news24.com/,C,99999999
811,https://newsela.com/,C,"2,299"
812,http://www.newslookup.com,C,"476,724"
813,http://www.newsnow.co.uk/h/,C,99999999
814,http://www.nzherald.co.nz,C,99999999
815,http://www.nextavenue.org/,C,"16,499"
816,http://www.nextgov.com/,C,"18,634"
817,https://www3.nhk.or.jp/nhkworld/,C,99999999
818,https://niskanencenter.org,C,"75,161"
819,https://www.noozhawk.com/,C,"20,332"
820,http://www.nwitimes.com,C,"10,165"
821,http://www.novinite.com/,C,"152,393"
822,https://www.nolabels.org/,C,"168,012"
823,http://180report.com/,C,99999999
824,http://www.openthegovernment.org/,C,99999999
825,http://www.patheos.com/,C,"2,312"
826,http://www.pgpf.org/,C,"77,979"
827,https://piie.com/,C,99999999
828,http://www.pewresearch.org/,C,"3,492"
829,https://placesjournal.org/,C,"116,146"
830,http://www.politicalstorm.com/,C,99999999
831,http://www.politifact.com/,C,"1,846"
832,http://www.polygraph.info/,C,"85,179"
833,http://www.poynter.org/,C,"16,635"
834,http://prnewswire.mediaroom.com/,C,"23,419"
835,https://www.procon.org/,C,"3,988"
836,http://pogo.org/,C,"71,048"
837,https://www.project-syndicate.org/,C,"35,415"
838,http://www.publicpolicypolling.com/,C,"176,260"
839,http://www.prri.org/,C,"163,523"
840,http://parallax.news/,C,99999999
841,http://qctimes.com/,C,"15,384"
842,https://www.recode.net/,C,"2,072"
843,http://reporterslab.org/,C,"519,653"
844,https://rsf.org/en,C,"101,433"
845,https://represent.us/,C,"49,197"
846,http://www.reuters.com/,C,256
847,https://www.riverbender.com/,C,"35,260"
848,http://www.rollcall.com/,C,"10,262"
849,https://www.rte.ie,C,99999999
850,http://www.russialies.com,C,99999999
851,http://santamariatimes.com,C,"74,242"
852,http://www.sayfiereview.com/,C,"101,774"
853,http://sciencedebate.org/,C,99999999
854,http://www.scoopnest.com/,C,"32,469"
855,http://www.scotusblog.com/,C,"8,726"
856,http://www.shareably.net/,C,"25,434"
857,https://shorensteincenter.org/,C,"221,426"
858,http://www.simplepolitics.co.uk,C,99999999
859,http://siouxcityjournal.com/,C,"28,613"
860,https://www.smartnews.com/en/,C,99999999
861,http://www.snopes.com/,C,587
862,http://www.scmp.com/,C,"3,073"
863,http://spectrumreport.com,C,99999999
864,http://www.sctimes.com/,C,"36,869"
865,https://www.stripes.com/,C,"13,753"
866,https://www.statnews.com/,C,"7,514"
867,http://stimson.org/,C,"183,771"
868,https://stocknewsusa.com,C,99999999
869,https://www.stratfor.com/,C,"24,834"
870,http://sunlightfoundation.com/,C,"97,788"
871,http://www.taipeitimes.com/,C,99999999
872,https://www.taiwannews.com.tw/,C,99999999
873,http://taskandpurpose.com/,C,"10,240"
874,http://www.texasstandard.org/,C,"96,396"
875,https://www.texastribune.org/,C,"5,066"
876,http://www.thatsnonsense.com/,C,"63,319"
877,https://www.thebalance.com,C,257
878,https://www.thebureauinvestigates.com/,C,99999999
879,http://www.thecanadianpress.com/,C,99999999
880,http://www.chinapost.com.tw/,C,99999999
881,http://www.chronicle.com/,C,"3,752"
882,https://www.thecipherbrief.com/,C,"39,729"
883,https://theconversation.com/us,C,"2,363"
884,http://www.theday.com,C,"26,499"
885,https://www.defconwarningsystem.com,C,"88,896"
886,http://thediplomat.com/,C,"14,276"
887,http://www.economist.com/,C,"1,211"
888,http://www.fakenewscodex.com/,C,"750,303"
889,https://thehumanist.com/,C,"114,779"
890,http://indianexpress.com/,C,99999999
891,http://www.thejakartapost.com/,C,99999999
892,http://www.jpost.com/,C,"3,228"
893,http://www.jordantimes.com/,C,"139,756"
894,http://www.thejournal.ie/,C,99999999
895,https://www.themarshallproject.org/#.qjbbuljBK,C,"22,683"
896,http://memepoliceman.com/,C,"359,945"
897,http://www.soas.ac.uk/lmei/meil/,C,99999999
898,http://themoderatevoice.com/,C,"162,542"
899,http://www.mcall.com,C,"6,287"
900,http://www.thenews.mx/,C,99999999
901,https://www.thenews.com.pk/,C,99999999
902,http://www.thenewsliteracyproject.org/,C,"170,736"
903,https://observatory.journalism.wisc.edu/,C,416
904,http://outlook.monmouth.edu/,C,"10,369"
905,http://www.pantagraph.com/,C,"20,246"
906,http://www.phnompenhpost.com/,C,99999999
907,http://www.postandcourier.com/,C,"7,204"
908,http://www.scotsman.com,C,99999999
909,http://www.theskimm.com/,C,"12,350"
910,https://sociable.co/,C,"217,351"
911,http://thesouthern.com,C,"32,975"
912,http://www.swedishwire.com/,C,99999999
913,http://timesofindia.indiatimes.com/,C,99999999
914,https://truthsetter.com,C,99999999
915,http://www.thewhim.com/,C,99999999
916,https://www.thewrap.com,C,"1,747"
917,http://www.thirdway.org/,C,"96,453"
918,https://www.thoughtco.com,C,757
919,http://magicvalley.com/,C,"48,027"
920,http://timesofsandiego.com/,C,"50,320"
921,https://www.transparency.org/,C,"41,166"
922,http://www.transpartisanreview.com/,C,99999999
923,https://tribunecontentagency.com/tribune-news-service/,C,"31,655"
924,http://trueviralnews.com/,C,"558,154"
925,http://truthbetold.news/,C,99999999
926,https://www.truthorfiction.com/,C,"23,180"
927,https://turkeyandfacts.com/,C,99999999
928,http://www.tvw.org/,C,"380,752"
929,https://undark.org,C,"46,219"
930,http://www.upi.com/,C,"2,971"
931,https://www.house.gov/,C,"1,550"
932,https://www.usaspending.gov/,C,"55,149"
933,http://www.usatoday.com/,C,108
934,http://www.standard.net/,C,"26,798"
935,http://verafiles.org,C,99999999
936,http://www.viralthread.com/,C,"3,775"
937,http://www.vocativ.com/,C,"55,883"
938,http://www.voanews.com/,C,"3,042"
939,http://www.voiceofsandiego.org/,C,"41,493"
940,http://votesmart.org/,C,"14,221"
941,http://warontherocks.com/,C,"22,124"
942,https://www.c-span.org/WJ,C,"5,051"
943,http://wcfcourier.com,C,"27,099"
944,http://www.wearethemighty.com/,C,"13,504"
945,https://en.wikinews.org/wiki/Main_Page,C,"48,023"
946,https://www.wikipedia.org/,C,6
947,https://www.wikitribune.com,C,"71,084"
948,http://www.wionews.com/,C,99999999
949,http://host.madison.com/wsj/,C,"4,436"
950,https://www.wilsoncenter.org/,C,"29,144"
951,https://www.weforum.org/,C,"5,344"
952,http://wn.com/,C,"17,501"
953,http://www.worldpoliticsreview.com/,C,"127,081"
954,http://worldpress.org/,C,"289,130"
955,http://www.wral.com/,C,"1,834"
956,http://www.news.cn/english/,C,99999999
957,https://www.zdf.de/,C,99999999
958,http://www.9news.com.au/,RC,99999999
959,http://www.al.com/,RC,"1,628"
960,https://www.americanactionforum.org/,RC,"124,101"
961,http://acsh.org/,RC,"16,177"
962,http://www.americanfirearms.org,RC,99999999
963,http://www.afpc.org/,RC,99999999
964,https://amgreatness.com,RC,"17,940"
965,http://www.americasquarterly.org/,RC,"86,712"
966,http://www.arabnews.com/,RC,99999999
967,http://www.arkansasonline.com/,RC,"9,430"
968,https://www.armstrongeconomics.com,RC,"14,617"
969,http://www.israelnationalnews.com/,RC,"12,858"
970,http://billingsgazette.com,RC,"16,974"
971,http://www.bostonherald.com/,RC,"3,739"
972,http://breakingdefense.com/,RC,"34,813"
973,http://www.calgarysun.com/,RC,99999999
974,http://www.capoliticalreview.com/,RC,"174,298"
975,http://campaignforliberty.org/,RC,"159,721"
976,http://www.cjnews.com/,RC,99999999
977,http://www.taxpayer.com/,RC,99999999
978,http://www.cato.org/,RC,"11,505"
979,http://www.christianitytoday.com/,RC,"4,598"
980,http://www.cincinnati.com/,RC,"7,935"
981,http://gazette.com/,RC,"12,362"
982,http://www.columbiadailyherald.com/,RC,"137,878"
983,http://www.dispatch.com/,RC,"5,931"
984,http://www.commdiginews.com/,RC,"114,139"
985,https://cei.org/,RC,"88,558"
986,http://www.cfr.org/,RC,"7,398"
987,http://www.dailyherald.com/,RC,"8,167"
988,http://www.dailypress.com/,RC,"20,960"
989,http://www.dallasnews.com/,RC,"1,609"
990,http://www.desmoinesregister.com/,RC,"6,869"
991,http://www.deseretnews.com/,RC,"2,506"
992,http://www.desertsun.com/,RC,"21,699"
993,http://www.detroitnews.com/,RC,"4,885"
994,https://www.theecjournal.com/,RC,99999999
995,http://www.edmontonsun.com/,RC,99999999
996,https://eppc.org/,RC,"196,080"
997,http://www.faithfamilyamerica.com,RC,"67,268"
998,http://www.financialpost.com/,RC,99999999
999,http://jacksonville.com/,RC,"15,526"
1000,http://www.forbes.com/,RC,81
1001,http://www.foreignpolicyi.org/,RC,99999999
1002,http://www.fpri.org/,RC,"87,431"
1003,http://fortnightlyreview.co.uk/,RC,99999999
1004,http://fortune.com/,RC,811
1005,http://www.fbherald.com/,RC,"76,431"
1006,http://www.star-telegram.com/,RC,"4,720"
1007,https://fee.org/,RC,"10,948"
1008,http://franklincenterhq.org/,RC,99999999
1009,https://www.fraserinstitute.org/,RC,99999999
1010,https://freedomhouse.org/,RC,"31,542"
1011,http://www.mlive.com/grand-rapids/#/0,RC,"1,114"
1012,http://group30.org/,RC,99999999
1013,http://gulfnews.com/,RC,99999999
1014,http://www.guns.com,RC,"11,021"
1015,http://www.heraldsun.com.au/,RC,99999999
1016,https://heterodoxacademy.org,RC,"57,284"
1017,http://www.hpenews.com/,RC,"261,155"
1018,http://www.thehindubusinessline.com/,RC,99999999
1019,http://honestreporting.com/,RC,"114,561"
1020,http://www.hoover.org/,RC,"29,890"
1021,http://humanprogress.org/,RC,"120,235"
1022,http://www.insidesources.com,RC,"66,159"
1023,https://theihs.org/,RC,"89,264"
1024,http://www.investors.com/,RC,"2,259"
1025,http://www.independent.ie/,RC,99999999
1026,http://www.israelhayom.com/site/today.php,RC,"81,330"
1027,http://www.itv.com/news/,RC,99999999
1028,https://www.japantoday.com/,RC,99999999
1029,http://jewishbreakingnews.com,RC,"291,258"
1030,https://www.jns.org,RC,"97,348"
1031,http://www.justfactsdaily.com/,RC,"193,482"
1032,http://www.koreaherald.com/,RC,99999999
1033,http://kutv.com/,RC,"9,122"
1034,http://www.reviewjournal.com/,RC,"4,623"
1035,http://www.learnliberty.org/,RC,"104,444"
1036,http://lexingtoninstitute.org/,RC,"654,635"
1037,https://libertyviral.com/,RC,"747,519"
1038,http://www.lbc.co.uk,RC,99999999
1039,http://www.standard.co.uk/,RC,99999999
1040,http://www.lfpress.com/,RC,99999999
1041,http://www.dailynews.com/,RC,"7,500"
1042,https://lynx.media/,RC,"213,752"
1043,http://www.mackinac.org/,RC,"93,982"
1044,http://www.manhattan-institute.org/,RC,"101,703"
1045,http://www.manilatimes.net/news/,RC,99999999
1046,http://www.militarytimes.com/,RC,"1,871"
1047,https://mises.org/,RC,"7,643"
1048,http://mynorthwest.com,RC,"6,608"
1049,http://www.nationalpost.com/index.html,RC,99999999
1050,http://nypost.com/,RC,169
1051,http://www.news-gazette.com/,RC,"13,069"
1052,http://newsheist.com/,RC,99999999
1053,https://newsline.com/,RC,"278,991"
1054,http://newsrescue.com/,RC,99999999
1055,http://www.oaoa.com,RC,"108,494"
1056,http://oilprice.com/,RC,"9,360"
1057,http://www.omaha.com/,RC,"3,957"
1058,http://www.ocregister.com/,RC,"2,125"
1059,http://www.oregonlive.com/#/0,RC,"1,205"
1060,http://www.orlandosentinel.com/,RC,"2,627"
1061,http://ottawacitizen.com/,RC,99999999
1062,http://www.pacificresearch.org/home/,RC,"310,144"
1063,http://www.peninsuladailynews.com/,RC,"40,106"
1064,http://triblive.com/,RC,"4,798"
1065,https://www.policyed.org/,RC,"327,355"
1066,http://www.postbulletin.com/,RC,"19,313"
1067,https://publicinterestlegal.org/,RC,"662,973"
1068,http://punchingbagpost.com/,RC,"184,620"
1069,http://quillette.com/,RC,"12,636"
1070,http://www.rstreet.org/,RC,"72,297"
1071,http://www.rasmussenreports.com/,RC,"9,112"
1072,http://www.thereaganbattalion.com,RC,99999999
1073,http://www.realcleardefense.com/,RC,"23,290"
1074,http://www.realclearinvestigations.com/,RC,"105,525"
1075,http://www.realclearpolicy.com/,RC,"40,134"
1076,http://www.realclearpolitics.com/,RC,"1,253"
1077,http://reason.com/,RC,"3,382"
1078,http://www.valleynewslive.com/,RC,"31,467"
1079,http://www.cato.org/regulation/,RC,"11,505"
1080,https://remingtonresearchgroup.com,RC,99999999
1081,http://www.richmond.com/,RC,"5,007"
1082,http://russia-insider.com/en,RC,"16,241"
1083,http://tass.com/,RC,"25,106"
1084,http://www.srnnews.com/,RC,"90,518"
1085,https://www.sbsun.com,RC,"35,982"
1086,http://www.sandiegouniontribune.com/,RC,"2,937"
1087,http://savannahnow.com/,RC,"22,284"
1088,https://sofrep.com/,RC,"18,606"
1089,http://www.sun-sentinel.com/,RC,"2,452"
1090,http://www.spokesman.com/,RC,"8,211"
1091,http://sputniknews.com/,RC,99999999
1092,http://www.star-telegram.com/,RC,"4,720"
1093,http://www.statesmanjournal.com/,RC,"37,392"
1094,http://www.strategic-culture.org/,RC,"62,116"
1095,https://swarajyamag.com/,RC,99999999
1096,http://www.tallahassee.com/,RC,"17,921"
1097,http://www.tbo.com/,RC,"15,499"
1098,http://taxfoundation.org/,RC,"5,157"
1099,http://www.tharawat-magazine.com/#gs.a9CcWpc,RC,-
1100,https://www.algemeiner.com/,RC,"34,154"
1101,http://www.the-american-interest.com/,RC,"68,192"
1102,http://chronicle.augusta.com/,RC,"5,741"
1103,http://www.theaustralian.com.au/,RC,99999999
1104,http://thechronicleherald.ca/,RC,99999999
1105,http://www.couriermail.com.au/,RC,99999999
1106,http://www.daltondailycitizen.com/,RC,99999999
1107,http://www.thefiscaltimes.com/,RC,"33,705"
1108,http://www.thegazette.com/,RC,"9,059"
1109,http://www.independent.org/,RC,"40,355"
1110,https://www.thejacknews.com,RC,"463,391"
1111,http://www.jamestown.org/,RC,"99,520"
1112,http://the-japan-news.com/,RC,99999999
1113,http://www.jewishpress.com/,RC,"44,818"
1114,http://thelibertarianrepublic.com/,RC,"80,755"
1115,http://nation.com.pk/,RC,99999999
1116,http://www.thenational.ae/,RC,99999999
1117,http://www.thenewatlantis.com/,RC,"77,802"
1118,https://international.thenewslens.com/,RC,99999999
1119,http://www.oklahoman.com/live,RC,"42,752"
1120,http://www.pe.com/,RC,"11,204"
1121,https://www.thequint.com/,RC,99999999
1122,http://www.thesmokinggun.com/,RC,"11,985"
1123,http://www.spectator.co.uk/,RC,99999999
1124,http://www.straitstimes.com/global,RC,99999999
1125,http://www.tennessean.com/,RC,"7,083"
1126,https://www.thetimesherald.com,RC,"115,961"
1127,https://thewest.com.au/,RC,99999999
1128,http://www.thetimes.co.uk/,RC,99999999
1129,https://www.tnonline.com,RC,"68,398"
1130,http://www.toledoblade.com/,RC,"13,292"
1131,http://www.cjonline.com/,RC,"15,885"
1132,http://www.tulsaworld.com/,RC,"4,607"
1133,http://www.valuewalk.com/,RC,"13,472"
1134,http://www.wsj.com/,RC,154
1135,http://washingtonbabylon.com,RC,"365,321"
1136,http://www.washingtonexaminer.com/,RC,"1,484"
1137,http://www.washingtontimes.com/,RC,"1,745"
1138,http://watchdog.org/,RC,"89,436"
1139,http://www.rep-am.com/,RC,"74,920"
1140,http://www.westmonster.com/,RC,99999999
1141,http://www.kansas.com/,RC,"6,373"
1142,https://www.wikileaks.org/,RC,"11,355"
1143,http://www.sungazette.com/,RC,"57,882"
1144,http://www.journalnow.com/,RC,"14,460"
1145,https://www.whitehouse.gov/1600daily,R,"2,688"
1146,https://acculturated.com,R,"188,020"
1147,http://www.aim.org/,R,"88,268"
1148,http://www.acting-man.com/,R,"172,365"
1149,http://alphanewsmn.com/,R,"217,108"
1150,http://www.allenbwest.com/,R,99999999
1151,https://aclj.org/,R,"19,899"
1152,https://americanconsequences.com,R,"106,294"
1153,https://www.aei.org/,R,"9,811"
1154,http://americansforprosperity.org,R,"156,716"
1155,https://www.alec.org,R,"120,757"
1156,http://www.americanlibertyreport.com,R,"104,555"
1157,https://americanmilitarynews.com,R,997
1158,https://www.americanewshub.com,R,"259,210"
1159,http://spectator.org/,R,"10,000"
1160,http://www.americanthinker.com/,R,"4,550"
1161,http://awm.com/,R,"62,891"
1162,http://www.ammoland.com/,R,"3,736"
1163,https://bearingarms.com/,R,"11,066"
1164,https://beinglibertarian.com/,R,"204,798"
1165,http://biggovernment.news/index.html,R,99999999
1166,http://bigleaguepolitics.com/,R,"26,757"
1167,http://www.bizpacreview.com/,R,"1,503"
1168,http://bluelivesmatter.blue/,R,99999999
1169,http://www.breitbart.com/,R,71
1170,http://brexitcentral.com,R,99999999
1171,https://ca-political.com,R,"54,183"
1172,http://www.campaignlifecoalition.com/,R,99999999
1173,https://www.campusreform.org,R,"16,356"
1174,https://www.chroniclesmagazine.org/,R,"442,615"
1175,https://www.churchmilitant.com/,R,"19,853"
1176,http://citizensunited.org/index.aspx,R,"520,327"
1177,http://www.city-journal.org/,R,"19,996"
1178,https://www.nccivitas.org/,R,"177,018"
1179,https://www.clear-politics.com/,R,99999999
1180,http://www.colddeadhands.us/,R,"162,891"
1181,https://www.commentarymagazine.com/,R,"22,114"
1182,https://conservativebase.com/,R,99999999
1183,http://www.conservativedailynews.com/,R,"91,030"
1184,https://www.conservativeshere.com/,R,99999999
1185,http://www.conservativehq.com/,R,"158,769"
1186,https://www.conservativeinstitute.org,R,"13,836"
1187,https://www.conservativeoutfitters.com/blogs/news,R,"434,923"
1188,https://www.conservativereview.com/,R,"19,835"
1189,https://conservativetoday.com,R,99999999
1190,http://controversialtimes.com/,R,"567,280"
1191,http://cowgernation.com/,R,99999999
1192,http://crimeresearch.org/,R,"26,431"
1193,http://www.cscmediagroupus.com/,R,99999999
1194,http://dailycaller.com/,R,207
1195,http://www.express.co.uk/,R,99999999
1196,http://www.dailymail.co.uk/ushome/index.html,R,99999999
1197,http://www.dailysabah.com/,R,"21,528"
1198,http://dailysignal.com/,R,"9,401"
1199,http://dailysurge.com/,R,"378,088"
1200,https://www.dangerous.com,R,"15,745"
1201,http://dcwhispers.com/,R,"49,570"
1202,http://debatepost.com/,R,99999999
1203,http://disobedientmedia.com/,R,"74,096"
1204,http://www.drudgereport.com/,R,157
1205,https://energycitizens.org/,R,99999999
1206,http://erlc.com/,R,"83,394"
1207,http://factsandlogic.org/,R,99999999
1208,http://www.faithwire.com,R,"32,220"
1209,http://www.familysecuritymatters.org/,R,"474,048"
1210,https://farleftwatch.com,R,"377,966"
1211,http://federalistpress.com/,R,99999999
1212,https://fedsoc.org/,R,"63,030"
1213,http://firstinfreedomdaily.com/,R,"672,219"
1214,http://www.foxnews.com/,R,62
1215,http://freedomcrossroads.com/,R,99999999
1216,http://www.freedomworks.org/,R,"74,928"
1217,https://www.ff.org,R,99999999
1218,http://www.defenddemocracy.org,R,"136,500"
1219,http://www.futureinamerica.com/news,R,99999999
1220,https://www.gatestoneinstitute.org/,R,99999999
1221,https://www.getreligion.org/,R,"195,125"
1222,http://www.gopusa.com/,R,"43,565"
1223,http://www.g-a-i.org/,R,99999999
1224,https://www.guerrilla.news,R,"580,976"
1225,https://www.heartland.org/,R,"76,190"
1226,http://www.heritage.org/,R,"5,933"
1227,https://www.hermancain.com/,R,"96,541"
1228,http://hotair.com/,R,"3,442"
1229,http://www.hudson.org/,R,"107,415"
1230,http://humanevents.com/,R,"56,157"
1231,https://imprimis.hillsdale.edu,R,"12,838"
1232,http://iwf.org/,R,"297,190"
1233,https://www.illinoispolicy.org/,R,"40,454"
1234,http://www.intellectualtakeout.org/,R,"23,755"
1235,http://ibleedredwhiteblue.com/,R,99999999
1236,http://ipatriot.com,R,"169,537"
1237,https://ifstudies.org,R,"98,914"
1238,https://www.jewishpolicycenter.org/,R,"504,403"
1239,http://www.jewishworldreview.com/,R,"38,809"
1240,https://judicialnetwork.com/,R,99999999
1241,http://www.judicialwatch.org/,R,"13,395"
1242,https://kansaspolicy.org,R,"674,088"
1243,http://knoxreport.com/,R,99999999
1244,http://legalinsurrection.com/,R,"15,609"
1245,http://libertyalliance.com/,R,99999999
1246,http://libertyhangout.org/,R,"279,758"
1247,http://www.libertyheadlines.com/,R,"22,730"
1248,https://www.libertynation.com,R,"81,532"
1249,http://libertytalk.fm/,R,"384,534"
1250,http://libertyunyielding.com/,R,"46,277"
1251,https://lifeandabout.com/,R,99999999
1252,http://fightpp.org,R,99999999
1253,http://www.lifenews.com/,R,"16,438"
1254,https://www.lifesitenews.com/,R,"11,636"
1255,http://www.lifezette.com/,R,"3,144"
1256,http://louderwithcrowder.com/,R,"4,352"
1257,http://www.unionleader.com/,R,"11,713"
1258,https://www.mediacircus.com/,R,99999999
1259,https://mediaequalizer.com/,R,"109,478"
1260,http://www.mrc.org/,R,"42,890"
1261,http://www.nationalreview.com/,R,"1,488"
1262,http://newbostonpost.com,R,"94,973"
1263,http://www.newsbusters.org/,R,"5,608"
1264,http://www.newsmax.com/,R,"1,758"
1265,http://www.newrevolutionnow.org/,R,99999999
1266,http://nextnewsnetwork.com/,R,99999999
1267,http://notliberal.com,R,99999999
1268,https://ntknetwork.com,R,"15,976"
1269,https://www.numbersusa.com/,R,"44,407"
1270,http://offendedamerica.com/,R,99999999
1271,https://offgridsurvival.com/,R,"126,563"
1272,http://www.oann.com/,R,"8,910"
1273,http://www.onenewsnow.com/,R,"18,927"
1274,http://www.opslens.com/,R,"121,751"
1275,http://patriotnewsdaily.com/,R,"163,311"
1276,https://pjmedia.com/,R,"2,011"
1277,http://www.hoover.org/publications/policy-review,R,"29,890"
1278,http://www.thepoliticalinsider.com/,R,"13,811"
1279,http://politichicks.com/,R,99999999
1280,http://politifeed.net,R,"217,154"
1281,http://www.powerlineblog.com/,R,"7,826"
1282,http://projectveritas.com/,R,"113,604"
1283,https://quadrant.org.au,R,99999999
1284,http://redalertpolitics.com/,R,"207,458"
1285,http://www.redstate.com/,R,"5,083"
1286,http://redstatewatcher.com/,R,"16,589"
1287,https://regated.com/,R,99999999
1288,https://renewedright.com,R,"49,310"
1289,http://www.resistancemedia.org/,R,99999999
1290,http://www.restoreamericanglory.com/,R,"93,228"
1291,https://ricochet.com,R,"38,810"
1292,http://www.ronpaullibertyreport.com/,R,"156,102"
1293,http://www.secureamericanow.org/,R,"409,478"
1294,https://sentinelksmo.org,R,"197,198"
1295,http://silenceisconsent.net/,R,"42,038"
1296,http://sbgi.net/,R,"24,547"
1297,http://sonorannews.com/,R,"373,018"
1298,http://spiked-online.com/,R,99999999
1299,https://www.tasnimnews.com/en,R,99999999
1300,http://www.westernjournalism.com/thepoint/,R,-
1301,http://www.teapartypatriots.org/,R,"229,174"
1302,http://www.teapartytribune.com/,R,"738,485"
1303,http://www.adelaidenow.com.au/,R,99999999
1304,http://www.theamericancause.org/,R,99999999
1305,http://theblacksphere.net/,R,"219,168"
1306,http://www.theblaze.com/,R,"1,366"
1307,http://carepublican.com,R,99999999
1308,https://thecitizenpress.com,R,99999999
1309,http://www.thecollegefix.com/,R,"13,220"
1310,https://www.theconservativenut.gop,R,99999999
1311,http://thedailydefender.com/,R,99999999
1312,http://www.dailytelegraph.com.au/,R,99999999
1313,http://www.dailywire.com/,R,780
1314,http://thefederalist.com/,R,"3,021"
1315,http://thehayride.com/,R,"55,395"
1316,https://theconservativetreehouse.com/,R,"4,848"
1317,https://themilreview.com/,R,99999999
1318,http://www.thenewamerican.com/,R,"22,661"
1319,http://newlypress.com,R,99999999
1320,https://patriotpost.us/,R,"35,593"
1321,http://www.thepostemail.com/,R,"430,269"
1322,http://therantidote.com/,R,99999999
1323,https://therealstrategy.com/,R,99999999
1324,http://www.therebel.media/,R,99999999
1325,http://theresurgent.com/,R,"552,718"
1326,http://therightscoop.com/,R,"10,971"
1327,http://www.ronpaulinstitute.org/,R,"87,020"
1328,https://www.thesun.co.uk/,R,99999999
1329,http://tennesseestar.com/,R,"150,942"
1330,http://www.thetruthaboutguns.com/,R,"6,183"
1331,http://www.torontosun.com/,R,99999999
1332,http://townhall.com/,R,"1,917"
1333,https://www.tpusa.com/,R,"63,481"
1334,https://www.turningpoint.news/,R,"266,260"
1335,http://twitchy.com/,R,"3,352"
1336,http://www.unbiasedamerica.com/,R,99999999
1337,https://www.unwatch.org,R,"365,630"
1338,https://uspoliticsinfo.com/,R,99999999
1339,http://www.usapoliticstoday.com/,R,99999999
1340,http://ussanews.com,R,"121,869"
1341,http://vesselnews.io/,R,99999999
1342,http://www.vivaliberty.com/,R,99999999
1343,http://freebeacon.com/,R,"4,893"
1344,http://www.weaselzippers.us/,R,"9,250"
1345,http://www.weeklystandard.com/,R,"6,967"
1346,http://www.westernjournalism.com/,R,-
1347,http://www.wnd.com/,R,"1,092"
1348,https://world.wng.org/,R,"28,595"
1349,http://worldtribune.com/,R,"51,438"
1350,http://yellowhammernews.com/,R,"66,544"
1351,http://www.youngcons.com/,R,"276,573"
